<?xml version="1.0"?>
<font>
	<info face="Space Droid Shooter Numbers" size="12" bold="0" italic="0" charset="" unicode="1" stretchH="100" smooth="1" aa="1" padding="0,0,0,0" spacing="0, 0"/>
	<common lineHeight="12" base="12" scaleW="138" scaleH="12" pages="1" packed="0"/>
	<pages>
		<page id="0" file="numbers.png" />
	</pages> 
	<chars count="10">
		<char id="48" x="2" y="0" width="12" height="12" xoffset="0" yoffset="0" xadvance="14" page="0" chnl="0" number="0"/>
		<char id="49" x="16" y="0" width="8" height="12" xoffset="0" yoffset="0" xadvance="10" page="0" chnl="0" number="1"/>
		<char id="50" x="26" y="0" width="12" height="12" xoffset="0" yoffset="0" xadvance="14" page="0" chnl="0" number="2"/>
		<char id="51" x="40" y="0" width="12" height="12" xoffset="0" yoffset="0" xadvance="14" page="0" chnl="0" number="3"/>
		<char id="52" x="54" y="0" width="12" height="12" xoffset="0" yoffset="0" xadvance="14" page="0" chnl="0" number="4"/>
		<char id="53" x="68" y="0" width="12" height="12" xoffset="0" yoffset="0" xadvance="14" page="0" chnl="0" number="5"/>
		<char id="54" x="82" y="0" width="12" height="12" xoffset="0" yoffset="0" xadvance="14" page="0" chnl="0" number="6"/>
		<char id="55" x="96" y="0" width="12" height="12" xoffset="0" yoffset="0" xadvance="14" page="0" chnl="0" number="7"/>
		<char id="56" x="110" y="0" width="12" height="12" xoffset="0" yoffset="0" xadvance="14" page="0" chnl="0" number="8"/>
		<char id="57" x="124" y="0" width="12" height="12" xoffset="0" yoffset="0" xadvance="14" page="0" chnl="0" number="9"/>
	</chars>
</font>