<?xml version="1.0"?>
<font>
	<info face="Flappy Bird Small Numbers" size="34" bold="0" italic="0" charset="" unicode="1" stretchH="100" smooth="1" aa="1" padding="0,0,0,0" spacing="1,1"/>
	<common lineHeight="34" base="34" scaleW="256" scaleH="256" pages="1" packed="0"/>
	<pages>
		<page id="0" file="smallnumbers.png" />
	</pages> 
	<chars count="10">
		<char id="48" x="1" y="0" width="24" height="36" xoffset="0" yoffset="0" xadvance="23" page="0" chnl="0" number="0"/>
		<char id="49" x="25" y="0" width="18" height="36" xoffset="0" yoffset="0" xadvance="17" page="0" chnl="0" number="1"/>
		<char id="50" x="43" y="0" width="24" height="36" xoffset="0" yoffset="0" xadvance="23" page="0" chnl="0" number="2"/>
		<char id="51" x="67" y="0" width="24" height="36" xoffset="0" yoffset="0" xadvance="23" page="0" chnl="0" number="3"/>
		<char id="52" x="91" y="0" width="24" height="36" xoffset="0" yoffset="0" xadvance="23" page="0" chnl="0" number="4"/>
		<char id="53" x="115" y="0" width="24" height="36" xoffset="0" yoffset="0" xadvance="23" page="0" chnl="0" number="5"/>
		<char id="54" x="139" y="0" width="24" height="36" xoffset="0" yoffset="0" xadvance="23" page="0" chnl="0" number="6"/>
		<char id="55" x="163" y="0" width="24" height="36" xoffset="0" yoffset="0" xadvance="23" page="0" chnl="0" number="7"/>
		<char id="56" x="187" y="0" width="24" height="36" xoffset="0" yoffset="0" xadvance="23" page="0" chnl="0" number="8"/>
		<char id="57" x="211" y="0" width="24" height="36" xoffset="0" yoffset="0" xadvance="23" page="0" chnl="0" number="9"/>
	</chars>
</font>